{"mag_mean": [[0.16521574556827545, 0.19217927753925323, 0.15144450962543488, 0.1155133917927742, 0.08989664912223816, 0.06017345190048218, 0.04180129989981651, 0.0328511968255043, 0.029036318883299828, 0.02711614966392517, 0.02591467835009098, 0.0250066090375185, 0.02433917671442032, 0.022423654794692993, 0.019691282883286476, 0.017994316294789314, 0.016726061701774597, 0.01570877805352211, 0.015109493397176266, 0.014927472919225693, 0.014302333816885948, 0.013187968172132969, 0.011934739537537098, 0.010784351266920567, 0.01033182442188263, 0.010278827510774136, 0.010624945163726807, 0.010571833699941635, 0.010286765173077583, 0.009722854942083359, 0.009169366210699081, 0.008741148747503757, 0.008343778550624847, 0.00790964812040329, 0.007472530473023653, 0.007076062262058258, 0.0069539411924779415, 0.006667952053248882, 0.006410612724721432, 0.0062039876356720924, 0.006038975436240435, 0.005892859306186438, 0.005716019310057163, 0.005616283044219017, 0.005487388465553522, 0.005383479408919811, 0.005359206348657608, 0.005354061257094145, 0.0053342729806900024, 0.0052536288276314735, 0.005109825637191534, 0.004976535215973854, 0.004836782347410917, 0.004766852129250765, 0.004710306413471699, 0.004648054484277964, 0.0045866589061915874, 0.004604683257639408, 0.004579289350658655, 0.004379414487630129, 0.004148973152041435, 0.0034980971831828356, 0.0026198949199169874, 0.002172197215259075, 0.0018667863914743066]], "mag_var": [[2263.8056640625, 3070.780517578125, 1916.4197998046875, 1118.35302734375, 675.6964721679688, 304.1745910644531, 147.92335510253906, 90.92689514160156, 70.86991882324219, 61.643272399902344, 56.29283905029297, 52.46543884277344, 49.73545455932617, 42.279293060302734, 32.66914367675781, 27.379745483398438, 23.791364669799805, 20.931795120239258, 19.26498031616211, 18.774723052978516, 17.303503036499023, 14.742847442626953, 12.12882137298584, 9.866008758544922, 9.018106460571289, 8.912863731384277, 9.529680252075195, 9.454970359802246, 8.956025123596191, 7.999828338623047, 7.113122940063477, 6.460849285125732, 5.943423271179199, 5.370087623596191, 4.768640518188477, 4.256657123565674, 4.103614807128906, 3.7773735523223877, 3.488978624343872, 3.274077892303467, 3.1369404792785645, 2.9839982986450195, 2.793564796447754, 2.7034459114074707, 2.5834226608276367, 2.486462354660034, 2.4605987071990967, 2.461385726928711, 2.457897424697876, 2.399174690246582, 2.2536158561706543, 2.1331658363342285, 2.0202274322509766, 1.962377905845642, 1.91883385181427, 1.8732001781463623, 1.8309398889541626, 1.8705285787582397, 1.8704838752746582, 1.685599684715271, 1.5295557975769043, 1.0747135877609253, 0.5860801339149475, 0.40057212114334106, 0.2965785264968872]], "ipd_mean": []}